,,Student and Staff,,,,,,,,Student Only,,,,,,Staff Only,,,,,,All,,,
,,Tests,,Positive,,Negative,,People,,Tests,,Positive,,Negative,,Tests,,Positive,,Negative,,,,,
,,Daily,Total,Daily,Total,Daily,Total,Daily,Total,Daily,Total,Daily,Total,Daily,Total,Daily,Total,Daily,Total,Daily,Total,,,,
Location,Date,StudentStaff_DailyTests,StudentStaff_TotalTests,StudentStaff_DailyPositive,StudentStaff_TotalPositive,StudentStaff_DailyNegative,StudentStaff_TotalNegative,,,StudenOnly_DailyTests,StudenOnly_AllTests,StudenOnly_DailyPositivie,StudenOnly_AllPositivie,StudentOnly_DailyNegative,StudentOnly_TotalNegative,,,,,,,All_DailyTests,All_TotalTests,All_DailyPositive,All_TotalPositive
https://go.illinois.edu/COVIDTestingData,,,,,,,,,,,,,,,,,,,,,,,,,
Illinois,2020-09-18,10564,344303,,2138,,,27,2138,,,,,,,,,,,,,,,,
Illinois,2020-09-17,7802,333739,,2111,,,18,2111,,,,,,,,,,,,,,,,
Illinois,2020-09-16,9965,325937,,2093,,,24,2093,,,,,,,,,,,,,,,,
Illinois,2020-09-15,11232,315972,,2069,,,45,2069,,,,,,,,,,,,,,,,
Illinois,2020-09-14,10214,304740,,2024,,,40,2024,,,,,,,,,,,,,,,,
Illinois,2020-09-13,4568,294526,,1984,,,17,1984,,,,,,,,,,,,,,,,
Illinois,2020-09-12,4009,289958,,1967,,,10,1967,,,,,,,,,,,,,,,,
Illinois,2020-09-11,11253,285949,,1957,,,35,1957,,,,,,,,,,,,,,,,
Illinois,2020-09-10,6626,274696,,1922,,,34,1922,,,,,,,,,,,,,,,,
Illinois,2020-09-09,11993,268070,,1888,,,47,1888,,,,,,,,,,,,,,,,
Illinois,2020-09-08,11621,256077,,1841,,,81,1841,,,,,,,,,,,,,,,,
Illinois,2020-09-07,6299,244456,,1760,,,69,1760,,,,,,,,,,,,,,,,
Illinois,2020-09-06,2987,238157,,1691,,,37,1691,,,,,,,,,,,,,,,,
Illinois,2020-09-05,2609,235170,,1654,,,37,1654,,,,,,,,,,,,,,,,
Illinois,2020-09-04,14204,232561,,1617,,,104,1617,,,,,,,,,,,,,,,,
Illinois,2020-09-03,14841,218357,,1513,,,88,1513,,,,,,,,,,,,,,,,
Illinois,2020-09-02,7089,203516,,1425,,,120,1425,,,,,,,,,,,,,,,,
Illinois,2020-09-01,14367,196427,,1305,,,199,1305,,,,,,,,,,,,,,,,
Illinois,2020-08-31,17227,182060,,1106,,,230,1106,,,,,,,,,,,,,,,,
Illinois,2020-08-30,3640,164833,,876,,,104,876,,,,,,,,,,,,,,,,
Illinois,2020-08-29,2895,161193,,772,,,50,772,,,,,,,,,,,,,,,,
Illinois,2020-08-28,15030,158298,,722,,,65,722,,,,,,,,,,,,,,,,
Illinois,2020-08-27,15123,143268,,657,,,60,657,,,,,,,,,,,,,,,,
Illinois,2020-08-26,6812,128145,,597,,,54,597,,,,,,,,,,,,,,,,
Illinois,2020-08-25,15850,121333,120,543,,,89,543,,,,,,,,,,,,,,,,
Illinois,2020-08-24,17656,105483,97,454,,,79,454,,,,,,,,,,,,,,,,
Illinois,2020-08-23,4474,87827,59,375,,,53,375,,,,,,,,,,,,,,,,
Illinois,2020-08-22,3326,83353,50,322,,,43,322,,,,,,,,,,,,,,,,
Illinois,2020-08-21,10877,80027,65,279,,,54,279,,,,,,,,,,,,,,,,
Illinois,2020-08-20,10742,69150,59,225,,,52,225,,,,,,,,,,,,,,,,
Illinois,2020-08-19,6300,58408,30,173,,,29,173,,,,,,,,,,,,,,,,
Illinois,2020-08-18,6162,52108,22,144,,,20,144,,,,,,,,,,,,,,,,
Illinois,2020-08-17,9064,45946,26,124,,,24,124,,,,,,,,,,,,,,,,
Illinois,2020-08-16,2453,36882,7,100,,,7,100,,,,,,,,,,,,,,,,
Illinois,2020-08-15,1636,34429,8,93,,,6,93,,,,,,,,,,,,,,,,
Illinois,2020-08-14,0,32793,0,87,,,0,87,,,,,,,,,,,,,,,,
Illinois,2020-08-13,0,32793,0,87,,,0,87,,,,,,,,,,,,,,,,
Illinois,2020-08-12,2438,32793,6,87,,,4,87,,,,,,,,,,,,,,,,
Illinois,2020-08-11,3610,30355,8,83,,,4,83,,,,,,,,,,,,,,,,
Illinois,2020-08-10,4110,26745,2,79,,,2,79,,,,,,,,,,,,,,,,
Illinois,2020-08-09,0,22635,,77,,,0,77,,,,,,,,,,,,,,,,
Illinois,2020-08-08,0,22635,,77,,,0,77,,,,,,,,,,,,,,,,
Illinois,2020-08-07,2509,22635,8,77,,,6,77,,,,,,,,,,,,,,,,
Illinois,2020-08-06,1823,20126,5,71,,,5,71,,,,,,,,,,,,,,,,
Illinois,2020-08-05,1405,18303,5,66,,,5,66,,,,,,,,,,,,,,,,
Illinois,2020-08-04,1759,16898,3,61,,,3,61,,,,,,,,,,,,,,,,
Illinois,2020-08-03,1896,15139,3,58,,,1,58,,,,,,,,,,,,,,,,
Illinois,2020-08-02,0,13243,,57,,,0,57,,,,,,,,,,,,,,,,
Illinois,2020-08-01,0,13243,,57,,,0,57,,,,,,,,,,,,,,,,
Illinois,2020-07-31,1058,13243,2,57,,,1,57,,,,,,,,,,,,,,,,
Illinois,2020-07-30,736,12185,5,56,,,4,56,,,,,,,,,,,,,,,,
Illinois,2020-07-29,745,11449,2,52,,,0,52,,,,,,,,,,,,,,,,
Illinois,2020-07-28,741,10704,5,52,,,2,52,,,,,,,,,,,,,,,,
Illinois,2020-07-27,835,9963,5,50,,,4,50,,,,,,,,,,,,,,,,
Illinois,2020-07-26,0,9128,,46,,,0,46,,,,,,,,,,,,,,,,
Illinois,2020-07-25,0,9128,,46,,,0,46,,,,,,,,,,,,,,,,
Illinois,2020-07-24,838,9128,7,46,,,3,46,,,,,,,,,,,,,,,,
Illinois,2020-07-23,752,8290,9,43,,,6,43,,,,,,,,,,,,,,,,
Illinois,2020-07-22,632,7538,8,37,,,3,37,,,,,,,,,,,,,,,,
Illinois,2020-07-21,507,6906,3,34,,,3,34,,,,,,,,,,,,,,,,
Illinois,2020-07-20,840,6399,4,31,,,3,31,,,,,,,,,,,,,,,,
Illinois,2020-07-19,0,5559,,28,,,0,28,,,,,,,,,,,,,,,,
Illinois,2020-07-18,0,5559,,28,,,0,28,,,,,,,,,,,,,,,,
Illinois,2020-07-17,725,5559,4,28,,,3,28,,,,,,,,,,,,,,,,
Illinois,2020-07-16,617,4834,7,25,,,7,25,,,,,,,,,,,,,,,,
Illinois,2020-07-15,538,4217,8,18,,,6,18,,,,,,,,,,,,,,,,
Illinois,2020-07-14,628,3679,3,12,,,2,12,,,,,,,,,,,,,,,,
Illinois,2020-07-13,669,3051,2,10,,,2,10,,,,,,,,,,,,,,,,
Illinois,2020-07-12,0,2382,,8,,,0,8,,,,,,,,,,,,,,,,
Illinois,2020-07-11,0,2382,,8,,,0,8,,,,,,,,,,,,,,,,
Illinois,2020-07-10,730,2382,5,8,,,5,8,,,,,,,,,,,,,,,,
Illinois,2020-07-09,719,1652,1,3,,,1,3,,,,,,,,,,,,,,,,
Illinois,2020-07-08,598,933,2,2,,,2,2,,,,,,,,,,,,,,,,
Illinois,2020-07-07,236,335,0,0,,,0,0,,,,,,,,,,,,,,,,
Illinois,2020-07-06,99,99,0,0,,,0,0,,,,,,,,,,,,,,,,
https://fall2020.iu.edu/dashboards/,,,,,,,,,,,,,,,,,,,,,,,,,
#Comments,# Week of 9/5 == 9-11,,,,,,,,,,,Graph #1: Mitigation,,,,,,Graph #2: Symtomatic Testing,,,,,,,
Indiana,2020-09-11,9900,30657,592,2012,,,,,,30865,362,1382,9519,29483,,,230,,381,,,,,
Indiana,2020-09-04,11636,20757,1027,1420,,,,,,,743,1020,11306,19964,,,284,,330,,,,,
Indiana,2020-08-28,8835,9121,362,393,,,,,,,277,277,8658,8658,,,85,,177,,,,,
Indiana,2020-08-21,112,286,17,31,,,,,,,,,,,,,17,,112,,,,,
Indiana,2020-08-14,104,174,10,14,,,,,,,,,,,,,10,,104,,,,,
Indiana,2020-08-07,70,70,4,4,,,,,,,,,,,,,4,,70,,,,,
https://iuhealth.org/thrive/iu-health-covid-19-data,,,,,,,,,,,,,,,,,,,,,,,,,
#Indiana University       ,2020-09-16,,,,,,,,,,,,,,,,,,,,,,217245,,
#Indiana University       ,2020-09-08,,,,,,,,,,,,,,,,,,,,,,205103,,
#Indiana University       ,2020-08-31,,,,,,,,,,,,,,,,,,,,,,190274,,
#Indiana University       ,2020-08-24,,,,,,,,,,,,,,,,,,,,,,178705,,
https://umd.edu/covid-19-dashboard,,,,,,,,,,,,,,,,,,,,,,,,,
Maryland,2020-09-20,807,25078,7,240,800,24838,,,,,,,,,,,,,,,,,,
Maryland,2020-09-19,1501,24271,10,233,1491,24038,,,,,,,,,,,,,,,,,,
Maryland,2020-09-18,1667,22770,10,223,1657,22547,,,,,,,,,,,,,,,,,,
Maryland,2020-09-17,1386,21103,15,213,1371,20890,,,,,,,,,,,,,,,,,,
Maryland,2020-09-16,22,19717,12,198,10,19519,,,,,,,,,,,,,,,,,,
Maryland,2020-09-15,0,19695,0,186,0,19509,,,,,,,,,,,,,,,,,,
Maryland,2020-09-14,2,19695,2,186,0,19509,,,,,,,,,,,,,,,,,,
Maryland,2020-09-13,29,19693,9,184,20,19509,,,,,,,,,,,,,,,,,,
Maryland,2020-09-12,0,19664,0,175,0,19489,,,,,,,,,,,,,,,,,,
Maryland,2020-09-11,55,19664,5,175,50,19489,,,,,,,,,,,,,,,,,,
Maryland,2020-09-10,385,19609,28,170,357,19439,,,,,,,,,,,,,,,,,,
Maryland,2020-09-09,169,19224,2,142,167,19082,,,,,,,,,,,,,,,,,,
Maryland,2020-09-08,456,19055,0,140,456,18915,,,,,,,,,,,,,,,,,,
Maryland,2020-09-07,19,18599,0,140,19,18459,,,,,,,,,,,,,,,,,,
Maryland,2020-09-06,1284,18580,28,140,1256,18440,,,,,26,,,,,,,,,,,,,
Maryland,2020-09-05,2374,17296,7,112,2367,17184,,,,,7,,,,,,,,,,,,,
Maryland,2020-09-04,1440,14922,12,105,1428,14817,,,,,12,,,,,,,,,,,,,
Maryland,2020-09-03,261,13482,56,93,205,13389,,,,,54,,,,,,,,,,,,,
Maryland,2020-09-02,1259,13221,9,37,1250,13184,,,,,6,,,,,,,,,,,,,
Maryland,2020-09-01,0,11962,0,28,0,11934,,,,,0,,,,,,,,,,,,,
Maryland,2020-08-31,300,11962,4,28,296,11934,,,,,3,,,,,,,,,,,,,
Maryland,2020-08-30,2507,11662,0,24,2507,11638,,,,,0,,,,,,,,,,,,,
Maryland,2020-08-29,1766,9155,4,24,1762,9131,,,,,1,,,,,,,,,,,,,
Maryland,2020-08-28,246,7389,1,20,245,7369,,,,,0,,,,,,,,,,,,,
Maryland,2020-08-27,856,7143,3,19,853,7124,,,,,1,,,,,,,,,,,,,
Maryland,2020-08-26,1319,6287,5,16,1314,6271,,,,,2,,,,,,,,,,,,,
Maryland,2020-08-25,270,4968,1,11,269,4957,,,,,0,,,,,,,,,,,,,
Maryland,2020-08-24,6,4698,0,10,6,4688,,,,,0,,,,,,,,,,,,,
Maryland,2020-08-23,519,4692,1,10,518,4682,,,,,1,,,,,,,,,,,,,
Maryland,2020-08-22,764,4173,1,9,763,4164,,,,,1,,,,,,,,,,,,,
Maryland,2020-08-21,852,3409,0,8,852,3401,,,,,0,,,,,,,,,,,,,
Maryland,2020-08-20,1410,2557,2,8,1408,2549,,,,,2,,,,,,,,,,,,,
Maryland,2020-08-19,811,1147,2,6,809,1141,,,,,2,,,,,,,,,,,,,
Maryland,2020-08-12,336,336,4,4,332,332,,,,,0,,,,,,,,,,,,,
https://campusblueprint.umich.edu/dashboard/,,,,,,,,,,,,,,,,,,,,,,,,,
Michigan,2020-09-13,3162,16833,39,422,,,,,,,,,,,,,,,,,,,,
Michigan,2020-09-06,2240,13671,43,383,,,,,,,,,,,,,,,,,,,,
Michigan,2020-08-30,1716,11431,19,340,,,,,,,,,,,,,,,,,,,,
Michigan,2020-08-23,1497,9715,38,321,,,,,,,,,,,,,,,,,,,,
Michigan,2020-08-16,854,8218,10,283,,,,,,,,,,,,,,,,,,,,
Michigan,2020-08-09,865,7364,9,273,,,,,,,,,,,,,,,,,,,,
Michigan,2020-08-02,871,6499,16,264,,,,,,,,,,,,,,,,,,,,
Michigan,2020-07-26,665,5628,22,248,,,,,,,,,,,,,,,,,,,,
Michigan,2020-07-19,455,4963,21,226,,,,,,,,,,,,,,,,,,,,
Michigan,2020-07-12,525,4508,16,205,,,,,,,,,,,,,,,,,,,,
Michigan,2020-07-05,571,3983,13,189,,,,,,,,,,,,,,,,,,,,
Michigan,2020-06-28,398,3412,10,176,,,,,,,,,,,,,,,,,,,,
Michigan,2020-06-21,347,3014,10,166,,,,,,,,,,,,,,,,,,,,
Michigan,2020-06-14,430,2667,21,156,,,,,,,,,,,,,,,,,,,,
Michigan,2020-06-07,339,2237,5,135,,,,,,,,,,,,,,,,,,,,
Michigan,2020-05-31,203,1898,1,130,,,,,,,,,,,,,,,,,,,,
Michigan,2020-05-24,156,1695,1,129,,,,,,,,,,,,,,,,,,,,
Michigan,2020-05-17,160,1539,3,128,,,,,,,,,,,,,,,,,,,,
Michigan,2020-05-10,162,1379,1,125,,,,,,,,,,,,,,,,,,,,
Michigan,2020-05-03,163,1217,4,124,,,,,,,,,,,,,,,,,,,,
Michigan,2020-04-26,130,1054,1,120,,,,,,,,,,,,,,,,,,,,
Michigan,2020-04-19,124,924,5,119,,,,,,,,,,,,,,,,,,,,
Michigan,2020-04-12,86,800,4,114,,,,,,,,,,,,,,,,,,,,
Michigan,2020-04-05,106,714,9,110,,,,,,,,,,,,,,,,,,,,
Michigan,2020-03-29,120,608,20,101,,,,,,,,,,,,,,,,,,,,
Michigan,2020-03-22,179,488,40,81,,,,,,,,,,,,,,,,,,,,
Michigan,2020-03-15,273,309,34,41,,,,,,,,,,,,,,,,,,,,
Michigan,2020-03-08,36,36,7,7,,,,,,,,,,,,,,,,,,,,
https://safeandhealthy.osu.edu/dashboard,,,,,,,,,,,,,,,,,,,,,,,,,
Ohio State,2020-09-17,,75865,,2623,,,,,2772,73865,40,2587,,,,2000,,36,,,,,,
Ohio State,2020-09-16,,72994,,2582,,,,,3637,71093,80,2547,,,,1901,,35,,,,,,
Ohio State,2020-09-15,,69357,,2502,,,,,3941,67456,78,2467,,,,1901,,35,,,,,,
Ohio State,2020-09-14,,65368,,2423,,,,,4101,63515,112,2389,,,,1853,,34,,,,,,
Ohio State,2020-09-13,,61267,,2311,,,,,0,59414,24,2277,24,561,,1853,,34,,,,,,
Ohio State,2020-09-12,,61205,,2310,,,,,1327,59414,40,2277,,,,1791,,33,,,,,,
Ohio State,2020-09-11,,59855,,2270,,,,,1985,58087,100,2237,,,,1768,,33,,,,,,
Ohio State,2020-09-10,,57827,,2165,,,,,3897,56102,115,2137,,,,1725,,28,,1697,,,,
Ohio State,2020-09-09,,53930,,2050,,,,,4611,52205,155,2022,,,,1725,,28,,1697,,,,
Ohio State,2020-09-08,,49221,,1894,,,,,4926,47594,223,1867,,,,1627,,27,,1600,,,,
Ohio State,2020-09-07,,44186,,1668,,,,,0,42668,0,1643,829,26,,1518,,25,,1493,,,,
Ohio State,2020-09-05,,44186,,1668,,,,,1014,42668,51,1643,,,,1518,,25,,1493,,,,
Ohio State,2020-09-04,,43167,201,1617,,1493,,,2852,41649,176,1592,,,,1518,,25,,1493,,,,
Ohio State,2020-09-03,,40255,208,1437,,1435,,,3115,38797,185,1414,,,,1458,,23,,1435,,,,
Ohio State,2020-09-02,,37140,209,1252,,1435,,,3462,35682,186,1229,,,,1458,,23,,1435,,,,
Ohio State,2020-09-01,,33562,238,1065,,1320,,,4059,32220,216,1043,,,,1342,,22,,1320,,,,
Ohio State,2020-08-31,,29384,300,847,,1204,,,4203,28160,280,827,,,,1224,,20,,1204,,,,
Ohio State,2020-08-30,,25080,,562,,,,,278,23955,29,546,,,,1125,,16,,1109,,,,
Ohio State,2020-08-27,,24802,128,533,,1109,,,2147,23677,112,517,,,,1125,,16,,1109,,,,
Ohio State,2020-08-26,,22549,131,417,,1008,,,3220,21528,118,404,,,,1021,,13,,1008,,,,
Ohio State,2020-08-25,,18308,,286,,1008,,,3170,18308,79,286,,,,,,,,,,,,
Ohio State,2020-08-24,,15138,,207,,,,,3265,15138,88,207,,,,,,,,,,,,
Ohio State,2020-08-23,,11873,,119,,,,,653,11873,8,119,,,,,,,,,,,,
Ohio State,2020-08-22,,11220,,111,,,,,1431,11220,12,111,,,,,,,,,,,,
Ohio State,2020-08-21,,9789,,99,,,,,1444,9789,10,99,,,,,,,,,,,,
Ohio State,2020-08-20,,8345,,89,,,,,1531,8345,8,89,,,,,,,,,,,,
Ohio State,2020-08-19,,6814,,81,,,,,1442,6814,6,81,,,,,,,,,,,,
Ohio State,2020-08-18,,5372,,75,,,,,1151,5372,10,75,,,,,,,,,,,,
Ohio State,2020-08-17,,4221,,65,,,,,1360,4221,15,65,,,,,,,,,,,,
Ohio State,2020-08-16,,2861,,50,,,,,1239,2861,23,50,,,,,,,,,,,,
Ohio State,2020-08-15,,1622,,27,,,,,1150,1622,21,27,,,,,,,,,,,,
Ohio State,2020-08-14,,472,,6,,,,,472,472,6,6,,,,,,,,,,,,
Ohio State,2020-08-13,,0,,0,,,,,,,,,,,,,,,,,,,,
https://virusinfo.psu.edu/covid-19-dashboard,,,,,,,,,,,,,,,,,,,,,,,,,
Penn State,2020-09-17,5231,21833,320,1372,,,,,4984,21294,320,1371,,,247,539,0,1,,,,,,
Penn State,2020-09-10,6484,16602,653,1052,,,,,6317,16310,652,1051,,,167,292,1,1,,,,,,
Penn State,2020-09-03,5293,10118,362,399,,,,,5293,9993,362,399,,,0,125,,,,,,,,
Penn State,2020-08-27,4210,4825,34,37,,,,,4180,4700,34,37,,,30,125,,,,,,,,
Penn State,2020-08-20,294,615,3,3,,,,,283,520,3,3,,,11,95,,,,,,,,
Penn State,2020-08-13,321,321,0,0,,,,,237,237,0,0,,,84,84,,,,,,,,
https://coronavirus.rutgers.edu/health-and-safety/testing-program-dashboard/,,,,,,,,,,,,,,,,,,,,,,,,,
Rutgers,2020-09-12,3004,25112,14,116,2985,24938,,,,,,,,,,,,,,,,,,
Rutgers,2020-09-05,3470,22108,7,102,3454,21953,,,,,,,,,,,,,,,,,,
Rutgers,2020-08-29,2884,18638,2,95,2878,18499,,,,,,,,,,,,,,,,,,
Rutgers,2020-08-22,2720,15754,5,93,2711,15621,,,,,,,,,,,,,,,,,,
Rutgers,2020-08-15,2137,13034,2,88,2121,12910,,,,,,,,,,,,,,,,,,
Rutgers,2020-08-08,1121,10897,5,86,1114,10789,,,,,,,,,,,,,,,,,,
Rutgers,2020-08-01,1106,9776,34,81,1063,9675,,,,,,,,,,,,,,,,,,
Rutgers,2020-07-25,473,8670,9,47,463,8612,,,,,,,,,,,,,,,,,,
Rutgers,2020-07-18,639,8197,2,38,634,8149,,,,,,,,,,,,,,,,,,
Rutgers,2020-07-11,687,7558,1,36,685,7515,,,,,,,,,,,,,,,,,,
Rutgers,2020-07-04,937,6871,6,35,931,6830,,,,,,,,,,,,,,,,,,
Rutgers,2020-06-27,2114,5934,7,29,2103,5899,,,,,,,,,,,,,,,,,,
Rutgers,2020-06-20,2432,3820,16,22,2413,3796,,,,,,,,,,,,,,,,,,
Rutgers,2020-06-13,621,1388,3,6,619,1383,,,,,,,,,,,,,,,,,,
Rutgers,2020-06-06,527,767,2,3,525,764,,,,,,,,,,,,,,,,,,
Rutgers,2020-05-30,240,240,1,1,239,239,,,,,,,,,,,,,,,,,,
https://covid19.unl.edu/unl-covid-19-dashboard,,,,,,,,,,,,,,,,,,,,,,,,,
Nebraska,2020-09-18,111,4357,14,688,,,,,,,,,,,,,,,,,,,,
Nebraska,2020-09-17,105,4246,14,674,,,,,,,,,,,,,,,,,,,,
Nebraska,2020-09-16,147,4141,19,660,,,,,,,,,,,,,,,,,,,,
Nebraska,2020-09-15,130,3994,18,641,,,,,,,,,,,,,,,,,,,,
Nebraska,2020-09-14,174,3864,25,623,,,,,,,,,,,,,,,,,,,,
Nebraska,2020-09-13,59,3690,5,598,,,,,,,,,,,,,,,,,,,,
Nebraska,2020-09-12,133,3631,15,593,,,,,,,,,,,,,,,,,,,,
Nebraska,2020-09-11,294,3498,48,578,,,,,,,,,,,,,,,,,,,,
Nebraska,2020-09-10,197,3204,26,530,,,,,,,,,,,,,,,,,,,,
Nebraska,2020-09-09,135,3007,25,504,,,,,,,,,,,,,,,,,,,,
Nebraska,2020-09-08,652,2872,101,479,,,,,,,,,,,,,,,,,,,,
Nebraska,2020-09-07,7,2220,3,378,,,,,,,,,,,,,,,,,,,,
Nebraska,2020-09-06,15,2213,7,375,,,,,,,,,,,,,,,,,,,,
Nebraska,2020-09-05,14,2198,2,368,,,,,,,,,,,,,,,,,,,,
Nebraska,2020-09-04,82,2184,15,366,,,,,,,,,,,,,,,,,,,,
Nebraska,2020-09-03,186,2102,40,351,,,,,,,,,,,,,,,,,,,,
Nebraska,2020-09-02,156,1916,40,311,,,,,,,,,,,,,,,,,,,,
Nebraska,2020-09-01,147,1760,28,271,,,,,,,,,,,,,,,,,,,,
Nebraska,2020-08-31,90,1613,20,243,,,,,,,,,,,,,,,,,,,,
Nebraska,2020-08-30,188,1523,29,223,,,,,,,,,,,,,,,,,,,,
Nebraska,2020-08-29,174,1335,29,194,,,,,,,,,,,,,,,,,,,,
Nebraska,2020-08-28,123,1161,33,165,,,,,,,,,,,,,,,,,,,,
Nebraska,2020-08-27,179,1038,39,132,,,,,,,,,,,,,,,,,,,,
Nebraska,2020-08-26,129,859,32,93,,,,,,,,,,,,,,,,,,,,
Nebraska,2020-08-25,33,730,20,61,,,,,,,,,,,,,,,,,,,,
Nebraska,2020-08-24,168,697,9,41,,,,,,,,,,,,,,,,,,,,
Nebraska,2020-08-23,11,529,6,32,,,,,,,,,,,,,,,,,,,,
Nebraska,2020-08-22,40,518,7,26,,,,,,,,,,,,,,,,,,,,
Nebraska,2020-08-21,70,478,7,19,,,,,,,,,,,,,,,,,,,,
Nebraska,2020-08-20,96,408,6,12,,,,,,,,,,,,,,,,,,,,
Nebraska,2020-08-19,78,312,2,6,,,,,,,,,,,,,,,,,,,,
Nebraska,2020-08-18,30,234,1,4,,,,,,,,,,,,,,,,,,,,
Nebraska,2020-08-17,23,204,2,3,,,,,,,,,,,,,,,,,,,,
Nebraska,2020-08-16,111,181,1,1,,,,,,,,,,,,,,,,,,,,
Nebraska,2020-08-15,25,70,0,0,,,,,,,,,,,,,,,,,,,,
Nebraska,2020-08-14,38,45,0,0,,,,,,,,,,,,,,,,,,,,
Nebraska,2020-08-13,7,7,0,0,,,,,,,,,,,,,,,,,,,,
https://www.northwestern.edu/coronavirus-covid-19-updates/developments/confirmed-cases.html,,,,,,,,,,,,,,,,,,,,,,,,,
Northwestern,2020-09-17,4255,13520,24,116,,,,,,,20,,,,,,,,,,,,,
Northwestern,2020-09-15,4255,13520,0,92,,,,,,,0,,,,,,,,,,,,,
Northwestern,2020-09-10,0,9265,19,92,,,,,,,16,,,,,,,,,,,,,
Northwestern,2020-09-08,,9265,0,73,,,,,,,0,,,,,,,,,,,,,
Northwestern,2020-09-03,,,14,73,,,,,,,14,,,,,,,,,,,,,
Northwestern,2020-08-27,,,4,59,,,,,,,1,,,,,,,,,,,,,
Northwestern,2020-08-20,,,5,55,,,,,,,3,,,,,,,,,,,,,
Northwestern,2020-08-13,,,1,50,,,,,,,1,,,,,,,,,,,,,
Northwestern,2020-08-06,,,7,49,,,,,,,7,,,,,,,,,,,,,
Northwestern,2020-07-30,,,1,42,,,,,,,1,,,,,,,,,,,,,
Northwestern,2020-07-23,,,5,41,,,,,,,4,,,,,,,,,,,,,
Northwestern,2020-07-16,,,4,36,,,,,,,0,,,,,,,,,,,,,
Northwestern,2020-07-09,,,2,32,,,,,,,2,,,,,,,,,,,,,
Northwestern,2020-07-02,,,2,30,,,,,,,2,,,,,,,,,,,,,
Northwestern,2020-06-25,,,2,28,,,,,,,2,,,,,,,,,,,,,
Northwestern,2020-06-18,,,4,26,,,,,,,4,,,,,,,,,,,,,
Northwestern,2020-06-11,,,0,22,,,,,,,0,,,,,,,,,,,,,
Northwestern,2020-06-04,,,2,22,,,,,,,0,,,,,,,,,,,,,
Northwestern,2020-05-28,,,0,20,,,,,,,0,,,,,,,,,,,,,
Northwestern,2020-05-21,,,0,20,,,,,,,0,,,,,,,,,,,,,
Northwestern,2020-05-14,,,2,20,,,,,,,2,,,,,,,,,,,,,
Northwestern,2020-05-07,,,1,18,,,,,,,1,,,,,,,,,,,,,
Northwestern,2020-04-30,,,0,17,,,,,,,0,,,,,,,,,,,,,
Northwestern,2020-04-23,,,2,17,,,,,,,2,,,,,,,,,,,,,
Northwestern,2020-04-16,,,5,15,,,,,,,4,,,,,,,,,,,,,
Northwestern,2020-04-09,,,2,10,,,,,,,1,,,,,,,,,,,,,
Northwestern,2020-04-02,,,1,8,,,,,,,0,,,,,,,,,,,,,
Northwestern,2020-03-26,,,0,7,,,,,,,0,,,,,,,,,,,,,
Northwestern,2020-03-19,,,7,7,,,,,,,0,,,,,,,,,,,,,
https://protect.purdue.edu/dashboard/,,,,,,,,,,,,,,,,,,,,,,,,,
Purdue,2020-09-17,761,22303,16,591,,,,,,,,,,,,,,,,,,,,
Purdue,2020-09-16,1626,21542,30,575,,,,,,,,,,,,,,,,,,,,
Purdue,2020-09-15,943,19916,32,545,,,,,,,,,,,,,,,,,,,,
Purdue,2020-09-14,1016,18973,24,513,,,,,,,,,,,,,,,,,,,,
Purdue,2020-09-13,207,17957,8,489,,,,,,,,,,,,,,,,,,,,
Purdue,2020-09-12,229,17750,11,481,,,,,,,,,,,,,,,,,,,,
Purdue,2020-09-11,808,17521,26,470,,,,,,,,,,,,,,,,,,,,
Purdue,2020-09-10,942,16713,26,444,,,,,,,,,,,,,,,,,,,,
Purdue,2020-09-09,1478,15771,39,418,,,,,,,,,,,,,,,,,,,,
Purdue,2020-09-08,977,14293,43,379,,,,,,,,,,,,,,,,,,,,
Purdue,2020-09-07,878,13316,20,336,,,,,,,,,,,,,,,,,,,,
Purdue,2020-09-06,225,12438,12,316,,,,,,,,,,,,,,,,,,,,
Purdue,2020-09-05,289,12213,25,304,,,,,,,,,,,,,,,,,,,,
Purdue,2020-09-04,656,11924,12,279,,,,,,,,,,,,,,,,,,,,
Purdue,2020-09-03,933,11268,48,267,,,,,,,,,,,,,,,,,,,,
Purdue,2020-09-02,1935,10335,18,219,,,,,,,,,,,,,,,,,,,,
Purdue,2020-09-01,795,8400,27,201,,,,,,,,,,,,,,,,,,,,
Purdue,2020-08-31,1244,7605,34,174,,,,,,,,,,,,,,,,,,,,
Purdue,2020-08-30,249,6361,4,140,,,,,,,,,,,,,,,,,,,,
Purdue,2020-08-29,206,6112,3,136,,,,,,,,,,,,,,,,,,,,
Purdue,2020-08-28,649,5906,26,133,,,,,,,,,,,,,,,,,,,,
Purdue,2020-08-27,178,5257,9,107,,,,,,,,,,,,,,,,,,,,
Purdue,2020-08-26,611,5079,8,98,,,,,,,,,,,,,,,,,,,,
Purdue,2020-08-25,241,4468,7,90,,,,,,,,,,,,,,,,,,,,
Purdue,2020-08-24,580,4227,16,83,,,,,,,,,,,,,,,,,,,,
Purdue,2020-08-23,256,3647,11,67,,,,,,,,,,,,,,,,,,,,
Purdue,2020-08-22,234,3391,4,56,,,,,,,,,,,,,,,,,,,,
Purdue,2020-08-21,373,3157,14,52,,,,,,,,,,,,,,,,,,,,
Purdue,2020-08-20,268,2784,9,38,,,,,,,,,,,,,,,,,,,,
Purdue,2020-08-19,395,2516,4,29,,,,,,,,,,,,,,,,,,,,
Purdue,2020-08-18,227,2121,0,25,,,,,,,,,,,,,,,,,,,,
Purdue,2020-08-17,217,1894,10,25,,,,,,,,,,,,,,,,,,,,
Purdue,2020-08-16,97,1677,2,15,,,,,,,,,,,,,,,,,,,,
Purdue,2020-08-15,134,1580,4,13,,,,,,,,,,,,,,,,,,,,
Purdue,2020-08-14,205,1446,1,9,,,,,,,,,,,,,,,,,,,,
Purdue,2020-08-13,114,1241,2,8,,,,,,,,,,,,,,,,,,,,
Purdue,2020-08-12,273,1127,0,6,,,,,,,,,,,,,,,,,,,,
Purdue,2020-08-11,180,854,1,6,,,,,,,,,,,,,,,,,,,,
Purdue,2020-08-10,82,674,1,5,,,,,,,,,,,,,,,,,,,,
Purdue,2020-08-09,40,592,0,4,,,,,,,,,,,,,,,,,,,,
Purdue,2020-08-08,42,552,0,4,,,,,,,,,,,,,,,,,,,,
Purdue,2020-08-07,71,510,0,4,,,,,,,,,,,,,,,,,,,,
Purdue,2020-08-06,44,439,1,4,,,,,,,,,,,,,,,,,,,,
Purdue,2020-08-05,55,395,1,3,,,,,,,,,,,,,,,,,,,,
Purdue,2020-08-04,295,340,2,2,,,,,,,,,,,,,,,,,,,,
Purdue,2020-08-03,27,45,0,0,,,,,,,,,,,,,,,,,,,,
Purdue,2020-08-02,16,18,0,0,,,,,,,,,,,,,,,,,,,,
Purdue,2020-08-01,2,2,0,0,,,,,,,,,,,,,,,,,,,,
https://smartrestart.wisc.edu/dashboard/,,,,,,,,,,,,,,,,,,,,,,,,,
UW-Madison,2020-09-18,1545,33600,75,1789,,,,,1434,,75,,,,111,,0,,,,,,,
UW-Madison,2020-09-17,1507,32055,87,1714,,,,,1333,,86,,,,174,,1,,,,,,,
UW-Madison,2020-09-16,1896,30548,127,1627,,,,,1713,,125,,,,183,,2,,,,,,,
UW-Madison,2020-09-15,392,28652,11,1500,,,,,357,,10,,,,35,,1,,,,,,,
UW-Madison,2020-09-14,27,28260,2,1489,,,,,25,,2,,,,2,,0,,,,,,,
UW-Madison,2020-09-13,2192,28233,188,1487,,,,,2090,,187,,,,102,,1,,,,,,,
UW-Madison,2020-09-12,1071,26041,76,1299,,,,,1015,,76,,,,56,,0,,,,,,,
UW-Madison,2020-09-11,942,24970,67,1223,,,,,859,,67,,,,83,,0,,,,,,,
UW-Madison,2020-09-10,2358,24028,219,1156,,,,,2245,,219,,,,113,,0,,,,,,,
UW-Madison,2020-09-09,2401,21670,290,937,,,,,2269,,290,,,,132,,0,,,,,,,
UW-Madison,2020-09-08,127,19269,25,647,,,,,124,,25,,,,3,,0,,,,,,,
UW-Madison,2020-09-07,94,19142,20,622,,,,,92,,20,,,,2,,0,,,,,,,
UW-Madison,2020-09-06,2035,19048,147,602,,,,,1897,,146,,,,138,,1,,,,,,,
UW-Madison,2020-09-05,2012,17013,118,455,,,,,1851,,117,,,,161,,1,,,,,,,
UW-Madison,2020-09-04,1644,15001,92,337,,,,,1501,,91,,,,143,,1,,,,,,,
UW-Madison,2020-09-03,987,13357,38,245,,,,,880,,38,,,,107,,0,,,,,,,
UW-Madison,2020-09-02,998,12370,34,207,,,,,906,,34,,,,92,,0,,,,,,,
UW-Madison,2020-09-01,1661,11372,49,173,,,,,1591,,49,,,,70,,0,,,,,,,
UW-Madison,2020-08-31,850,9711,8,124,,,,,846,,8,,,,4,,0,,,,,,,
UW-Madison,2020-08-30,981,8861,14,116,,,,,929,,14,,,,52,,0,,,,,,,
UW-Madison,2020-08-29,1214,7880,26,102,,,,,1145,,25,,,,69,,1,,,,,,,
UW-Madison,2020-08-28,936,6666,14,76,,,,,873,,14,,,,63,,0,,,,,,,
UW-Madison,2020-08-27,1168,5730,7,62,,,,,1134,,7,,,,34,,0,,,,,,,
UW-Madison,2020-08-26,1568,4562,20,55,,,,,1489,,19,,,,79,,1,,,,,,,
UW-Madison,2020-08-25,518,2994,9,35,,,,,470,,9,,,,48,,0,,,,,,,
UW-Madison,2020-08-24,0,2476,0,26,,,,,0,,0,,,,0,,0,,,,,,,
UW-Madison,2020-08-23,206,2476,2,26,,,,,171,,2,,,,35,,0,,,,,,,
UW-Madison,2020-08-22,238,2270,3,24,,,,,187,,3,,,,51,,0,,,,,,,
UW-Madison,2020-08-21,313,2032,3,21,,,,,234,,3,,,,79,,0,,,,,,,
UW-Madison,2020-08-20,321,1719,0,18,,,,,193,,0,,,,128,,0,,,,,,,
UW-Madison,2020-08-19,316,1398,1,18,,,,,193,,1,,,,123,,0,,,,,,,
UW-Madison,2020-08-18,326,1082,5,17,,,,,199,,5,,,,127,,0,,,,,,,
UW-Madison,2020-08-17,1,756,0,12,,,,,0,,0,,,,1,,0,,,,,,,
UW-Madison,2020-08-16,36,755,1,12,,,,,14,,0,,,,22,,1,,,,,,,
UW-Madison,2020-08-15,140,719,3,11,,,,,58,,3,,,,82,,0,,,,,,,
UW-Madison,2020-08-14,257,579,1,8,,,,,107,,1,,,,150,,0,,,,,,,
UW-Madison,2020-08-13,114,322,1,7,,,,,82,,1,,,,32,,0,,,,,,,
UW-Madison,2020-08-12,59,208,4,6,,,,,43,,2,,,,16,,2,,,,,,,
UW-Madison,2020-08-11,75,149,0,2,,,,,71,,0,,,,4,,0,,,,,,,
UW-Madison,2020-08-10,0,74,0,2,,,,,0,,0,,,,0,,0,,,,,,,
UW-Madison,2020-08-09,2,74,0,2,,,,,1,,0,,,,1,,0,,,,,,,
UW-Madison,2020-08-08,32,72,1,2,,,,,16,,1,,,,16,,0,,,,,,,
UW-Madison,2020-08-07,40,40,1,1,,,,,18,,1,,,,22,,0,,,,,,,
https://safe-campus.umn.edu/return-campus/covid-19-dashboard,,,,,,,,,,,,,,,,,,,,,,,,,
Minnesota,2020-09-17,210,3026,147,0,,,,,,,106,19,,,,,41,0,,,,,,
Minnesota,2020-09-10,122,2816,128,0,,,,,,,87,4,,,,,41,0,,,,,,
Minnesota,2020-09-03,104,2694,124,0,,,,,,,83,4,,,,,41,0,,,,,,
Minnesota,2020-08-27,182,2590,120,0,,,,,,,79,2,,,,,41,2,,,,,,
Minnesota,2020-08-20,,2408,116,,,,,,,,77,,,,,,39,,,,,,,
https://coronavirus.uiowa.edu/covid-19-numbers,,,,,,,,,,,,,,,,,,,,,,,,,
Iowa,2020-09-16,,,44,1912,,,,,,,43,1879,,,,,1,33,,,,,,
Iowa,2020-09-14,,,37,1868,,,,,,,32,1836,,,,,5,32,,,,,,
Iowa,2020-09-11,,,76,1831,,,,,,,72,1804,,,,,4,27,,,,,,
Iowa,2020-09-09,,,113,1755,,,,,,,111,1732,,,,,2,23,,,,,,
Iowa,2020-09-07,,,53,1642,,,,,,,52,1621,,,,,1,21,,,,,,
Iowa,2020-09-04,,,175,1589,,,,,,,174,1569,,,,,1,20,,,,,,
Iowa,2020-09-01,,,329,935,,,,,,,326,922,,,,,3,13,,,,,,
Iowa,2020-08-29,,,507,618,,,,,,,500,607,,,,,7,11,,,,,,
Iowa,2020-08-24,,,111,111,,,,,,,107,107,,,,,4,4,,,,,,
https://msu.edu/together-we-will/testing-reporting/,,,,,,,,,,,,,,,,,,,,,,,,,
Michigan State,2020-09-14,472,2222,69,408,,,,,,,,,,,,,,,,,,,,
Michigan State,2020-09-07,617,1750,160,339,,,,,,,,,,,,,,,,,,,,
Michigan State,2020-08-31,581,1133,126,179,,,,,,,,,,,,,,,,,,,,
Michigan State,2020-08-24,154,552,4,53,,,,,,,,,,,,,,,,,,,,
Michigan State,2020-08-17,94,398,5,49,,,,,,,,,,,,,,,,,,,,
Michigan State,2020-08-10,119,304,12,44,,,,,,,,,,,,,,,,,,,,
Michigan State,2020-08-03,68,185,8,32,,,,,,,,,,,,,,,,,,,,
Michigan State,2020-07-27,117,117,24,24,,,,,,,,,,,,,,,,,,,,